id;start_date;end_date;language
1;2024-04-17T09:49:39;2024-04-17T19:32:36;ENGLISH
2;2024-04-17T09:06:02;2024-04-17T16:55:43;FRENCH
3;2024-04-17T17:07:21;2024-04-17T08:25:47;FRENCH
4;2024-04-17T11:44:53;2024-04-17T15:26:00;SPANISH
5;2024-04-17T12:09:36;2024-04-17T12:55:39;SPANISH
6;2024-04-17T17:38:37;2024-04-17T22:10:27;SPANISH
7;2024-04-18T05:59:12;2024-04-17T17:27:20;FRENCH
8;2024-04-17T20:43:13;2024-04-18T01:13:28;SPANISH
9;2024-04-17T23:10:03;2024-04-18T03:06:30;ENGLISH
10;2024-04-17T21:27:41;2024-04-17T15:02:33;SPANISH
